대권역,중권역,총계,한우(두)_소계,한우(두)_허가,한우(두)_신고,한우(두)_신고미만,젖소(두)_소계,젖소(두)_허가,젖소(두)_신고,젖소(두)_신고미만,돼지(두)_소계,돼지(두)_허가,돼지(두)_신고,돼지(두)_신고미만,닭(두)_소계,닭(두)_허가,닭(두)_신고,닭(두)_신고미만,말(두)_소계,말(두)_허가,말(두)_신고,말(두)_신고미만,산양_염소(두)_소계,산양_염소(두)_허가,산양_염소(두)_신고,산양_염소(두)_신고미만,면양_육양(두)_소계,면양_육양(두)_허가,면양_육양(두)_신고,면양_육양(두)_신고미만,사슴(두)_소계,사슴(두)_허가,사슴(두)_신고,사슴(두)_신고미만,개(두)_소계,개(두)_허가,개(두)_신고,개(두)_신고미만,오리(두)_소계,오리(두)_허가,오리(두)_신고,오리(두)_신고미만,타조(두)_소계,타조(두)_허가,타조(두)_신고,타조(두)_신고미만,가금기타(두)_소계,가금기타(두)_허가,가금기타(두)_신고,가금기타(두)_신고미만
한강,남한강상류,54755,17381,7915,5601,3865,480,430,50,0,3638,3429,30,179,25906,0,18920,6986,100,100,0,0,1551,0,682,869,1103,0,1072,31,403,0,380,23,3912,0,2300,1612,177,0,0,177,0,0,0,0,104,0,0,104
한강,평창강,417766,28688,14350,10530,3808,2512,1999,513,0,62984,59369,3327,288,311660,11500,287392,12768,73,30,0,43,2547,0,705,1842,0,0,0,0,297,0,76,221,6527,0,3447,3080,2329,0,2000,329,0,0,0,0,149,0,0,149
한강,충주댐,1970760,20477,8159,10443,1875,682,388,281,13,30646,26205,4416,25,1902867,0,1873687,29180,33,20,0,13,3447,0,594,2853,0,0,0,0,270,0,53,217,12077,0,10252,1825,254,0,100,154,0,0,0,0,7,0,0,7
한강,달천,5277812,39273,15726,17259,6288,3490,2623,592,275,114593,106081,8055,457,4940293,509256,4231926,199111,37,0,0,37,9623,0,2117,7506,0,0,0,0,524,0,123,401,27527,0,16199,11328,76871,0,46300,30571,0,0,0,0,65581,0,60000,5581
한강,충주댐하류,2767846,9513,3577,5065,871,972,533,437,2,49004,45870,2634,500,2669150,1406476,1249200,13474,0,0,0,0,1584,0,964,620,0,0,0,0,863,0,863,0,7500,0,7500,0,29260,12000,17260,0,0,0,0,0,0,0,0,0
한강,섬강,2819236,49104,21545,22312,5247,4561,2286,2130,145,96035,81716,13025,1294,1924777,650000,1220640,54137,68,24,43,1,1261,0,50,1211,40,0,0,40,164,0,58,106,15062,0,14608,454,350,0,0,350,0,0,0,0,727814,0,518500,209314
한강,남한강하류,12661334,88693,38979,38092,11622,46403,28421,15463,2519,798449,674382,98086,25981,10569905,461309,8812010,1296586,1044,507,320,217,3077,0,30,3047,761,0,0,761,1694,8,533,1153,82831,3,67373,15455,381500,0,310528,70972,1,0,0,1,686976,0,150000,536976
한강,평화의댐,26614,240,133,51,56,0,0,0,0,0,0,0,0,26062,0,26000,62,0,0,0,0,250,0,150,100,0,0,0,0,7,0,0,7,55,0,0,55,0,0,0,0,0,0,0,0,0,0,0,0
한강,춘천댐,1492087,14906,2285,11150,1471,364,227,137,0,35969,13156,22566,247,1407281,0,1359341,47940,8,0,0,8,796,0,350,446,0,0,0,0,313,0,90,223,4296,0,1461,2835,28058,0,28000,58,0,0,0,0,96,0,0,96
한강,인북천,85184,5672,1850,1512,2310,0,0,0,0,376,0,273,103,76640,0,24890,51750,14,0,14,0,68,0,0,68,0,0,0,0,58,0,0,58,2256,0,2256,0,0,0,0,0,0,0,0,0,100,0,0,100
한강,소양강,532768,13844,4989,4795,4060,71,0,40,31,9018,3991,75,4952,504963,0,294419,210544,87,55,32,0,1880,0,250,1630,530,0,0,530,199,0,0,199,2059,0,1740,319,79,0,0,79,0,0,0,0,38,0,0,38
한강,의암댐,964441,10730,3172,5485,2073,877,498,145,234,14571,14036,530,5,923685,0,587015,336670,32,0,25,7,311,0,1,310,0,0,0,0,137,0,0,137,3883,0,1054,2829,6,0,0,6,9,0,0,9,10200,0,0,10200
한강,홍천강,1516415,26704,6417,17679,2608,2757,1423,1327,7,55563,52620,2943,0,1397658,80000,1165708,151950,96,60,36,0,1891,0,1630,261,0,0,0,0,106,0,45,61,2340,0,2205,135,29300,0,29300,0,0,0,0,0,0,0,0,0
한강,청평댐,1240938,6052,1325,2623,2104,4525,1208,1662,1655,8723,6486,2237,0,1209900,0,526495,683405,52,0,26,26,382,0,0,382,170,0,0,170,443,0,27,416,10661,0,1126,9535,30,0,0,30,0,0,0,0,0,0,0,0
한강,경안천,1098912,5845,813,4228,804,1417,0,1311,106,62408,52414,9956,38,913803,0,855628,58175,125,7,80,38,402,0,0,402,0,0,0,0,304,0,0,304,11496,0,3076,8420,83,0,0,83,0,0,0,0,103029,0,0,103029
한강,팔당댐,409,0,0,0,0,0,0,0,0,0,0,0,0,294,0,0,294,0,0,0,0,0,0,0,0,0,0,0,0,0,0,0,0,115,0,0,115,0,0,0,0,0,0,0,0,0,0,0,0
한강,한강서울,328848,11195,506,7944,2745,3691,390,2449,852,4544,0,2472,2072,280922,0,239966,40956,2000,1575,262,163,487,0,218,269,0,0,0,0,697,0,303,394,25062,0,9174,15888,104,0,0,104,1,0,0,1,145,0,0,145
한강,한강고양,1271806,13313,4626,6549,2138,9113,3195,4606,1312,25252,19019,5775,458,1175985,0,984151,191834,437,0,430,7,256,0,244,12,0,0,0,0,166,0,1,165,10404,0,10404,0,34780,0,31500,3280,100,0,0,100,2000,0,2000,0
한강,임진강상류,681832,2002,830,925,247,1658,552,1106,0,32435,22698,7737,2000,643170,150000,485110,8060,0,0,0,0,93,0,0,93,10,0,0,10,54,0,0,54,2400,0,2400,0,10,0,0,10,0,0,0,0,0,0,0,0
한강,한탄강,14049273,38623,11517,14690,12416,39137,16454,14533,8150,579536,380874,134126,64536,13005270,3760870,6649271,2595129,93,35,41,17,1339,0,200,1139,10,0,0,10,628,0,136,492,40598,0,26140,14458,94034,8000,47783,38251,0,0,0,0,250005,0,250000,5
한강,임진강하류,2732405,12110,4528,5042,2540,17974,7771,7339,2864,110859,69979,35578,5302,2355772,290000,1300219,765553,63,0,55,8,377,0,0,377,0,0,0,0,140,0,0,140,6560,0,5400,1160,58550,0,56000,2550,0,0,0,0,170000,0,0,170000
한강,한강하류,60192,2037,1150,887,0,806,459,347,0,5826,5826,0,0,49235,0,49235,0,0,0,0,0,0,0,0,0,0,0,0,0,0,0,0,0,2288,0,2288,0,0,0,0,0,0,0,0,0,0,0,0,0
한강,안성천,11305204,161519,102051,55986,3482,39958,22775,15031,2152,447736,278650,100709,68377,9499851,295000,8626991,577860,411,38,355,18,350,0,156,194,0,0,0,0,500,0,231,269,29325,0,27580,1745,943322,0,943255,67,0,0,0,0,182232,0,0,182232
한강,한강서해,2688507,29292,12803,16241,248,3747,1603,2144,0,87278,55467,31801,10,2279029,48,2278680,301,161,0,151,10,0,0,0,0,0,0,0,0,59,0,30,29,28609,0,28599,10,159,0,0,159,0,0,0,0,260173,0,0,260173
한강,시화호,6801854,32881,8443,16222,8216,33209,9507,11509,12193,155012,91720,59296,3996,6476176,444056,3630799,2401321,1374,560,814,0,20,0,20,0,0,0,0,0,90,0,50,40,20071,0,20071,0,83021,0,83021,0,0,0,0,0,0,0,0,0
한강,양양남대천,154001,10754,2360,6724,1670,0,0,0,0,26909,24043,2866,0,115492,14500,100600,392,17,0,9,8,214,0,0,214,30,0,30,0,126,0,90,36,79,0,0,79,380,0,350,30,0,0,0,0,0,0,0,0
한강,강릉남대천,298348,8287,1018,6093,1176,926,0,778,148,72804,68934,3800,70,212227,0,208500,3727,50,50,0,0,281,0,0,281,0,0,0,0,127,0,105,22,3646,0,3646,0,0,0,0,0,0,0,0,0,0,0,0,0
한강,삼척오십천,665432,10261,2386,6502,1373,0,0,0,0,2402,1250,995,157,649693,462000,182020,5673,32,0,21,11,836,0,0,836,0,0,0,0,425,0,0,425,1634,0,750,884,113,0,0,113,0,0,0,0,36,0,0,36
낙동강,안동댐,591869,14574,9265,4460,849,168,104,40,24,36497,31750,4557,190,537065,0,510945,26120,15,0,0,15,1374,0,3,1371,0,0,0,0,354,0,0,354,1396,0,700,696,154,0,0,154,0,0,0,0,272,0,4,268
낙동강,임하댐,381035,15612,6299,8345,968,1211,960,251,0,18801,16770,2001,30,333894,0,325742,8152,10,0,8,2,2135,0,875,1260,0,0,0,0,78,0,30,48,9294,0,8588,706,0,0,0,0,0,0,0,0,0,0,0,0
낙동강,안동댐하류,468640,37790,14103,19005,4682,92,0,84,8,72385,50400,21547,438,352155,0,297566,54589,3,0,0,3,1398,0,20,1378,0,0,0,0,54,0,0,54,4733,0,4541,192,0,0,0,0,0,0,0,0,30,0,0,30
낙동강,내성천,7010203,105717,35356,52211,18150,2301,811,1314,176,144475,124433,19907,135,6603330,393039,5958826,251465,67,0,36,31,7446,0,80,7366,0,0,0,0,631,0,29,602,6916,0,866,6050,138900,7463,87030,44407,0,0,0,0,420,0,5,415
낙동강,영강,1191044,25726,12037,10583,3106,3902,2575,865,462,40049,26492,13557,0,1106294,120000,944733,41561,42,0,13,29,1369,0,899,470,0,0,0,0,113,0,0,113,1444,0,1116,328,12000,0,12000,0,0,0,0,0,105,0,0,105
낙동강,병성천,2036653,38578,15695,18850,4033,1126,792,334,0,33024,13558,19466,0,1720384,125000,1580250,15134,5,0,0,5,572,0,0,572,0,0,0,0,40,0,0,40,2661,0,2127,534,0,0,0,0,0,0,0,0,240263,0,240000,263
낙동강,낙동상주,1277816,23264,7315,12076,3873,148,109,37,2,22884,17950,4934,0,1231131,416968,718035,96128,2,0,0,2,187,0,0,187,0,0,0,0,4,0,0,4,181,0,0,181,5,0,0,5,0,0,0,0,10,0,0,10
낙동강,위천,4571571,36173,7381,16345,12447,1492,765,597,130,173160,132315,14337,26508,4348468,185000,4000900,162568,9,0,3,6,1164,0,67,1097,0,0,0,0,453,0,422,31,276,0,0,276,47,0,0,47,0,0,0,0,10329,0,0,10329
낙동강,낙동구미,201030,10953,829,6576,3548,183,0,124,59,19420,14377,5039,4,170000,100000,70000,0,50,50,0,0,20,0,0,20,0,0,0,0,0,0,0,0,404,0,404,0,0,0,0,0,0,0,0,0,0,0,0,0
낙동강,감천,1584802,31724,13186,14001,4537,2712,1137,1559,16,51844,41346,10498,0,1476675,0,1476675,0,24,0,24,0,134,0,130,4,0,0,0,0,30,0,0,30,12659,0,12659,0,9000,0,9000,0,0,0,0,0,0,0,0,0
낙동강,낙동왜관,2189666,38936,9153,22273,7510,1428,312,996,120,136566,112457,24048,61,1698915,50000,1606770,42145,146,0,146,0,4004,0,725,3279,0,0,0,0,224,0,90,134,6931,0,6291,640,2492,0,2000,492,0,0,0,0,300024,0,0,300024
낙동강,금호강,2445285,77368,9347,53136,14885,6078,1375,4499,204,273982,153753,120036,193,1342076,79500,1239165,23411,75,0,61,14,2742,0,155,2587,0,0,0,0,124,0,82,42,4732,0,4454,278,4316,0,3480,836,0,0,0,0,733792,0,310383,423409
낙동강,회천,514994,26580,8932,11455,6193,636,147,343,146,205802,184488,20472,842,257342,0,254978,2364,0,0,0,0,2142,0,18,2124,0,0,0,0,1,0,0,1,2608,0,2241,367,18061,0,18000,61,0,0,0,0,1822,0,0,1822
낙동강,낙동고령,513266,15113,2104,9125,3884,1705,985,672,48,19897,11515,8353,29,414664,0,413950,714,86,85,0,1,72,0,0,72,0,0,0,0,17,0,0,17,1112,0,500,612,60600,0,60600,0,0,0,0,0,0,0,0,0
낙동강,합천댐,1971220,32135,16499,14761,875,701,571,130,0,59161,48360,10801,0,1604000,0,1604000,0,23,0,23,0,0,0,0,0,0,0,0,0,0,0,0,0,1200,0,250,950,274000,0,274000,0,0,0,0,0,0,0,0,0
낙동강,황강,674752,18104,7366,9547,1191,120,0,120,0,37335,32047,5288,0,617562,0,617562,0,36,0,36,0,6,0,0,6,0,0,0,0,0,0,0,0,1589,0,1589,0,0,0,0,0,0,0,0,0,0,0,0,0
낙동강,낙동창녕,2463150,18473,3839,8989,5645,1149,732,374,43,62735,54094,8608,33,2330427,85000,2134120,111307,16,10,0,6,923,0,358,565,0,0,0,0,119,0,13,106,2404,0,1323,1081,37500,0,37500,0,0,0,0,0,9404,0,0,9404
낙동강,남강댐,3064341,46261,20078,19414,6769,3345,2516,765,64,227983,205105,22117,761,2159613,2038,2073389,84186,162,107,14,41,6232,454,606,5172,0,0,0,0,411,0,71,340,8027,0,679,7348,341564,0,281889,59675,2,0,0,2,270741,0,0,270741
낙동강,남강,2214546,32003,11997,10267,9739,7996,4428,2312,1256,140084,120507,17035,2542,1612933,11000,1485130,116803,91,40,7,44,3669,0,109,3560,7,0,0,7,739,0,0,739,9878,0,2383,7495,2043,0,0,2043,0,0,0,0,405103,0,0,405103
낙동강,낙동밀양,3305279,50008,23793,15111,11104,6128,3866,2046,216,208995,192679,16294,22,2992522,0,1710902,1281620,96,50,36,10,1033,0,0,1033,0,0,0,0,84,0,0,84,6230,0,2376,3854,645,0,640,5,0,0,0,0,39538,0,0,39538
낙동강,밀양강,563086,38411,5145,17006,16260,950,234,603,113,88304,45863,42327,114,428803,0,360659,68144,36,0,23,13,3524,0,1712,1812,0,0,0,0,1960,0,1811,149,398,0,0,398,700,0,700,0,0,0,0,0,0,0,0,0
낙동강,낙동강하구언,1885366,13361,4789,4507,4065,2565,875,1067,623,140902,121600,19280,22,1393912,0,1304895,89017,1214,1128,62,24,959,0,0,959,35,0,0,35,586,0,0,586,10136,0,628,9508,2594,0,2233,361,0,0,0,0,319102,0,0,319102
낙동강,형산강,2402145,69711,23025,24611,22075,13730,9559,4062,109,111544,100346,10837,361,2185425,0,2185171,254,2390,37,2353,0,5466,0,5466,0,0,0,0,0,3110,0,3110,0,10769,0,10769,0,0,0,0,0,0,0,0,0,0,0,0,0
낙동강,태화강,797466,26445,3215,11309,11921,1442,365,507,570,46828,33558,6850,6420,716561,0,407600,308961,90,0,90,0,1644,0,1630,14,4,0,0,4,836,0,830,6,2546,0,2546,0,1070,0,0,1070,0,0,0,0,0,0,0,0
낙동강,회야강,149184,3953,5,2036,1912,268,0,252,16,10341,7500,781,2060,68288,0,35500,32788,0,0,0,0,260,0,16,244,0,0,0,0,29,0,0,29,592,0,196,396,420,0,0,420,0,0,0,0,65033,0,0,65033
낙동강,수영강,16656,8543,7000,1342,201,160,0,160,0,1453,0,1175,278,5041,0,4000,1041,44,30,14,0,98,0,0,98,0,0,0,0,22,0,0,22,168,0,50,118,1127,0,1000,127,0,0,0,0,0,0,0,0
낙동강,왕피천,23835,11183,1752,7508,1923,302,169,133,0,3023,2352,565,106,5627,0,1100,4527,24,0,24,0,798,0,0,798,0,0,0,0,28,0,0,28,2850,0,1499,1351,0,0,0,0,0,0,0,0,0,0,0,0
낙동강,영덕오십천,258171,15822,7707,8091,24,1210,154,1056,0,22821,13228,9593,0,214040,0,214040,0,38,0,38,0,67,0,67,0,0,0,0,0,0,0,0,0,4173,0,4173,0,0,0,0,0,0,0,0,0,0,0,0,0
낙동강,대종천,94912,9413,1202,4639,3572,731,99,613,19,14080,9217,4059,804,67037,0,65010,2027,68,0,68,0,0,0,0,0,0,0,0,0,1230,0,1230,0,2298,0,2245,53,55,0,0,55,0,0,0,0,0,0,0,0
낙동강,가화천,562344,23982,7898,13442,2642,5333,2546,2760,27,102264,90389,8983,2892,334982,0,331274,3708,7,0,0,7,2378,0,1225,1153,0,0,0,0,173,0,100,73,5217,0,2841,2376,87926,0,87860,66,0,0,0,0,82,0,0,82
낙동강,남해도,70501,11025,4114,2370,4541,361,264,0,97,5882,5878,0,4,48248,0,45000,3248,19,0,0,19,3181,0,122,3059,39,0,0,39,28,0,0,28,1675,0,0,1675,35,0,0,35,1,0,0,1,7,0,0,7
낙동강,거제도,370042,2553,784,958,811,0,0,0,0,3808,3800,0,8,356759,0,354000,2759,19,8,10,1,2960,0,0,2960,0,0,0,0,162,0,0,162,3017,0,1510,1507,755,0,0,755,9,0,0,9,0,0,0,0
낙동강,낙동강남해,506621,10695,2113,5287,3295,1196,0,1002,194,62682,54932,6650,1100,351664,0,198746,152918,22,0,0,22,1266,0,6,1260,0,0,0,0,357,0,334,23,2688,0,734,1954,76045,0,43500,32545,0,0,0,0,6,0,0,6
금강,용담댐,2468074,28834,11019,13232,4583,886,777,109,0,41632,27780,3614,10238,2325162,0,1067736,1257426,496,347,0,149,2363,0,304,2059,0,0,0,0,162,0,26,136,1851,0,951,900,66688,0,4792,61896,0,0,0,0,0,0,0,0
금강,용담댐하류,17875,403,26,56,321,125,0,125,0,2,0,0,2,16900,0,16900,0,3,0,0,3,278,0,0,278,0,0,0,0,0,0,0,0,160,0,84,76,4,0,0,4,0,0,0,0,0,0,0,0
금강,무주남대천,133665,5119,467,2948,1704,266,158,89,19,11361,9835,1333,193,114908,0,69126,45782,1,0,0,1,478,0,45,433,0,0,0,0,9,0,0,9,1474,0,0,1474,49,0,18,31,0,0,0,0,0,0,0,0
금강,영동천,750535,10685,2145,6436,2104,911,90,158,663,17313,14871,1840,602,691809,0,644925,46884,20,0,0,20,1254,0,230,1024,0,0,0,0,64,0,2,62,8334,0,3348,4986,20145,0,16000,4145,0,0,0,0,0,0,0,0
금강,초강,1198084,9043,3751,3832,1460,1113,584,520,9,13656,13056,547,53,931498,0,929319,2179,60,0,58,2,518,0,420,98,0,0,0,0,160,6,37,117,1954,0,346,1608,20082,0,8000,12082,0,0,0,0,220000,0,0,220000
금강,대청댐상류,50677,3386,1122,987,1277,54,0,20,34,878,870,0,8,44918,0,20000,24918,11,0,0,11,395,0,17,378,0,0,0,0,9,0,1,8,1019,0,0,1019,5,0,0,5,0,0,0,0,2,0,0,2
금강,보청천,1214854,21602,11790,4864,4948,2126,1484,481,161,32758,29512,1673,1573,1153667,100016,482617,571034,9,0,9,0,2253,0,1513,740,0,0,0,0,232,0,101,131,2078,0,518,1560,117,0,0,117,0,0,0,0,12,0,0,12
금강,대청댐,361495,14211,2236,3988,7987,1017,313,501,203,790,0,648,142,335890,0,33870,302020,0,0,0,0,1561,0,90,1471,0,0,0,0,94,0,0,94,7802,0,866,6936,95,0,0,95,14,0,0,14,21,0,0,21
금강,갑천,279784,7397,1183,3892,2322,250,0,140,110,5701,2290,3411,0,253251,0,148672,104579,43,0,25,18,810,0,0,810,0,0,0,0,184,0,65,119,11993,0,8845,3148,155,0,0,155,0,0,0,0,0,0,0,0
금강,대청댐하류,690989,3071,695,2300,76,829,538,291,0,24145,10132,14013,0,659402,12000,640396,7006,1,0,0,1,131,0,76,55,0,0,0,0,2,0,0,2,1390,1,875,514,2018,0,2000,18,0,0,0,0,0,0,0,0
금강,미호천,8997347,70589,23464,35483,11642,17724,8185,8038,1501,455662,371768,67235,16659,6850471,651873,5533550,665048,107,1,95,11,6280,2,895,5383,0,0,0,0,1816,8,112,1696,48422,12,32835,15575,1544654,150879,938424,455351,60,0,0,60,1562,0,0,1562
금강,금강공주,6347010,67092,15046,35006,17040,7942,4768,2626,548,183467,149422,32966,1079,5923302,168000,4877719,877583,141,0,34,107,4492,0,681,3811,0,0,0,0,1943,0,67,1876,20297,0,7463,12834,97510,0,42300,55210,0,0,0,0,40824,0,0,40824
금강,논산천,3280930,20286,7136,11792,1358,2808,1583,889,336,117717,91572,26067,78,3062375,995910,2065584,881,71,0,71,0,1255,0,55,1200,0,0,0,0,351,0,0,351,8721,0,6346,2375,67346,0,67316,30,0,0,0,0,0,0,0,0
금강,금강하구언,5851865,22395,9851,10066,2478,2683,1257,1390,36,100860,86535,13864,461,5713726,485949,5002748,225029,55,0,0,55,3412,0,1349,2063,0,0,0,0,129,0,3,126,8535,0,2575,5960,38,0,0,38,0,0,0,0,32,0,0,32
금강,삽교천,8464650,90740,44050,42138,4552,26243,15443,9533,1267,613176,405382,191930,15864,7608627,136200,7194526,277901,134,83,49,2,1465,0,50,1415,0,0,0,0,1182,0,890,292,15642,0,13386,2256,107439,0,107377,62,0,0,0,0,2,0,0,2
금강,대호방조제,2041108,19561,4681,10686,4194,7292,4217,2473,602,150106,96245,51401,2460,1853899,0,1852366,1533,117,0,117,0,1507,0,300,1207,0,0,0,0,914,56,0,858,6156,0,1904,4252,1541,0,1500,41,0,0,0,0,15,0,0,15
금강,부남방조제,4092421,51509,19893,29960,1656,7137,3864,3273,0,459163,349873,95573,13717,3311425,19280,3292055,90,89,39,50,0,1255,0,1255,0,0,0,0,0,161,0,161,0,5416,846,4570,0,256266,0,256266,0,0,0,0,0,0,0,0,0
금강,금강서해,2295968,30957,13796,14755,2406,5088,3190,1792,106,246877,193559,50469,2849,1896181,0,1608493,287688,54,0,54,0,277,0,100,177,0,0,0,0,277,0,232,45,2696,0,2249,447,113559,0,113511,48,0,0,0,0,2,0,0,2
금강,만경강,7619245,55069,9285,21786,23998,4991,733,2707,1551,437825,211967,216850,9008,6942158,269978,4253706,2418474,216,36,0,180,5672,0,193,5479,0,0,0,0,593,1,42,550,20134,0,3587,16547,152587,0,73464,79123,0,0,0,0,0,0,0,0
금강,동진강,10483830,111466,55067,34577,21822,8820,6511,1524,785,443097,357158,50354,35585,6958272,52980,4961932,1943360,206,145,54,7,5615,0,3632,1983,0,0,0,0,330,0,67,263,23244,0,18343,4901,2932780,5903,2512719,414158,0,0,0,0,0,0,0,0
금강,직소천,1843344,9412,3716,3143,2553,475,153,203,119,17561,13151,4090,320,1349635,53370,1202699,93566,18,18,0,0,477,0,477,0,0,0,0,0,248,0,248,0,2925,0,2925,0,462593,0,436623,25970,0,0,0,0,0,0,0,0
금강,주진천,4384195,16417,8405,5442,2570,6019,5155,785,79,106909,99762,7147,0,2401781,102612,2259218,39951,0,0,0,0,0,0,0,0,0,0,0,0,260,0,260,0,690,0,690,0,1852119,0,1402077,450042,0,0,0,0,0,0,0,0
영산강,섬진강댐,3444085,14412,7758,5182,1472,4484,3136,1116,232,84856,41068,2472,41316,3264847,367348,2071941,825558,10,0,6,4,2787,0,0,2787,0,0,0,0,50,0,0,50,3530,0,2158,1372,69109,0,48000,21109,0,0,0,0,0,0,0,0
영산강,섬진강댐하류,668676,5455,3037,2418,0,527,445,82,0,7637,7637,0,0,576200,271000,305200,0,0,0,0,0,551,0,149,402,0,0,0,0,3,0,0,3,653,0,0,653,77650,77650,0,0,0,0,0,0,0,0,0,0
영산강,오수천,2588378,18735,11523,7203,9,2798,2373,425,0,29289,27093,2096,100,2290007,341753,1854970,93284,0,0,0,0,377,0,70,307,0,0,0,0,7,0,0,7,2029,0,1180,849,245136,0,227775,17361,0,0,0,0,0,0,0,0
영산강,순창,1075771,16235,10205,3698,2332,1938,1663,67,208,19282,19182,100,0,761713,135704,619509,6500,10,0,10,0,1587,0,1587,0,0,0,0,0,70,0,0,70,1591,0,1591,0,273345,0,273345,0,0,0,0,0,0,0,0,0
영산강,요천,2378864,20960,11981,8708,271,1391,1187,204,0,41870,28385,10543,2942,1902458,0,1886060,16398,31,0,0,31,1487,0,581,906,0,0,0,0,27,0,0,27,1522,0,1250,272,409118,0,401985,7133,0,0,0,0,0,0,0,0
영산강,섬진곡성,501138,7495,3882,2109,1504,35,0,35,0,4398,4398,0,0,301635,0,301616,19,33,0,33,0,3,0,0,3,0,0,0,0,0,0,0,0,755,0,750,5,186784,0,186784,0,0,0,0,0,0,0,0,0
영산강,주암댐,999578,22075,7955,5562,8558,1583,941,338,304,23077,20884,1065,1128,439923,140000,93278,206645,109,0,0,109,6595,0,200,6395,6,0,0,6,132,0,70,62,2471,0,150,2321,383581,18162,310348,55071,0,0,0,0,120026,0,0,120026
영산강,보성강,556247,3480,1200,729,1551,902,612,179,111,18285,5620,11665,1000,218060,0,214360,3700,0,0,0,0,100,0,100,0,0,0,0,0,0,0,0,0,0,0,0,0,315420,0,315420,0,0,0,0,0,0,0,0,0
영산강,섬진강하류,903171,21137,3452,7404,10281,967,486,345,136,48141,31704,12876,3561,391533,0,204485,187048,9,0,0,9,1996,0,30,1966,0,0,0,0,250,0,0,250,3872,0,558,3314,435266,0,355025,80241,0,0,0,0,0,0,0,0
영산강,섬진강서남해,1685585,73010,25082,40181,7747,1724,716,980,28,44619,28797,15688,134,702986,0,508316,194670,351,148,199,4,3370,0,335,3035,0,0,0,0,66,0,0,66,5166,0,2816,2350,854230,101643,649927,102660,0,0,0,0,63,0,0,63
영산강,완도,17192,10051,756,8784,511,0,0,0,0,7098,0,7040,58,0,0,0,0,12,0,12,0,31,0,31,0,0,0,0,0,0,0,0,0,0,0,0,0,0,0,0,0,0,0,0,0,0,0,0,0
영산강,금산면,4188,1617,220,589,808,0,0,0,0,2571,1536,1035,0,0,0,0,0,0,0,0,0,0,0,0,0,0,0,0,0,0,0,0,0,0,0,0,0,0,0,0,0,0,0,0,0,0,0,0,0
영산강,이사천,1267959,24940,8570,13015,3355,5937,2546,3355,36,52536,33444,18992,100,927648,0,910146,17502,25,0,24,1,2167,0,2002,165,0,0,0,0,52,0,0,52,791,0,637,154,253844,0,253809,35,0,0,0,0,19,0,0,19
영산강,수어천,42676,3688,644,1951,1093,34,0,34,0,8336,4049,4235,52,17663,0,1623,16040,5,0,5,0,707,0,486,221,0,0,0,0,0,0,0,0,1628,0,475,1153,518,0,0,518,0,0,0,0,10097,0,0,10097
영산강,영산강상류,807737,26874,13993,7537,5344,1162,707,94,361,19695,16855,2513,327,617012,9720,227298,379994,155,31,124,0,1002,0,0,1002,0,0,0,0,442,0,131,311,9797,0,3000,6797,117298,4231,97325,15742,0,0,0,0,14300,0,0,14300
영산강,황룡강,481768,11882,2607,3731,5544,558,435,71,52,29975,28773,1045,157,405456,0,287892,117564,10,0,8,2,833,0,0,833,0,0,0,0,270,0,0,270,6230,0,1854,4376,26554,0,5021,21533,0,0,0,0,0,0,0,0
영산강,지석천,1426784,12350,5246,3729,3375,2164,600,0,1564,54414,47558,5702,1154,1121036,578000,342700,200336,93,36,50,7,6545,0,1840,4705,0,0,0,0,203,0,0,203,6769,0,582,6187,193137,138200,47000,7937,0,0,0,0,30073,0,0,30073
영산강,영산강중류,3517534,28808,13905,12761,2142,5915,4254,1637,24,89520,83993,5433,94,2975176,2910100,61300,3776,48,0,38,10,4338,0,2870,1468,0,0,0,0,760,0,600,160,4369,0,3303,1066,358600,288400,70200,0,0,0,0,0,50000,0,0,50000
영산강,고막원천,1555881,15900,4578,4787,6535,2838,1097,1401,340,22596,20099,1825,672,1349423,157000,969933,222490,2,0,0,2,1104,0,200,904,30,0,0,30,56,0,0,56,1291,0,0,1291,142641,0,97316,45325,0,0,0,0,20000,0,0,20000
영산강,영산강하류,5419097,39642,9246,21300,9096,3061,1880,892,289,76694,69765,6631,298,4388027,2918620,1063059,406348,32,0,0,32,686,0,30,656,0,0,0,0,85,0,0,85,5810,0,3510,2300,905060,235000,515500,154560,0,0,0,0,0,0,0,0
영산강,영암천,1191366,26759,9472,7298,9989,2219,1108,758,353,40231,34973,5197,61,771450,0,323950,447500,9,0,0,9,568,0,0,568,0,0,0,0,100,0,0,100,2430,0,1400,1030,347600,0,162300,185300,0,0,0,0,0,0,0,0
영산강,영산강하구언,611556,7059,820,4851,1388,602,475,84,43,26762,18098,8647,17,495600,0,378700,116900,0,0,0,0,64,0,0,64,0,0,0,0,3,0,0,3,4466,0,4110,356,77000,0,77000,0,0,0,0,0,0,0,0,0
영산강,탐진강,406527,21125,11710,6833,2582,231,0,140,91,4866,4504,328,34,146266,687,100560,45019,25,5,16,4,5201,100,3867,1234,0,0,0,0,88,11,0,77,3666,0,1546,2120,225001,5499,219454,48,29,0,0,29,29,0,0,29
영산강,진도,264878,3856,600,1751,1505,0,0,0,0,2318,350,1327,641,20000,0,18000,2000,0,0,0,0,0,0,0,0,0,0,0,0,0,0,0,0,893,0,888,5,237811,0,237748,63,0,0,0,0,0,0,0,0
영산강,영암방조제,1437125,43718,21625,21406,687,1410,571,839,0,95946,84904,11042,0,834502,206890,627302,310,35,0,15,20,2498,0,2498,0,0,0,0,0,8,0,0,8,6757,0,6734,23,452251,0,452251,0,0,0,0,0,0,0,0,0
영산강,와탄천,8555292,62215,20870,25613,15732,10471,7314,2047,1110,333715,290301,39235,4179,7433891,0,5609783,1824108,82,0,82,0,2757,0,473,2284,0,0,0,0,1064,0,0,1064,16480,0,14540,1940,694617,0,663133,31484,0,0,0,0,0,0,0,0
영산강,신안군,31137,6013,2563,3450,0,0,0,0,0,15682,9826,5856,0,7000,0,7000,0,66,39,27,0,0,0,0,0,0,0,0,0,0,0,0,0,1138,0,1138,0,1238,0,1238,0,0,0,0,0,0,0,0,0
영산강,제주서해,877753,11923,7602,4321,0,2371,1759,612,0,336429,297928,38501,0,498344,0,498344,0,2064,1125,911,28,0,0,0,0,0,0,0,0,100,0,100,0,6292,0,6292,0,20230,0,20230,0,0,0,0,0,0,0,0,0
영산강,제주북해,181226,2960,1839,1121,0,498,440,58,0,38994,36898,2096,0,132044,0,132044,0,1790,1124,584,82,0,0,0,0,0,0,0,0,0,0,0,0,4940,0,4940,0,0,0,0,0,0,0,0,0,0,0,0,0
영산강,제주남해,28382,1727,1382,345,0,55,55,0,0,20276,18860,1416,0,4830,0,4830,0,173,93,44,36,0,0,0,0,0,0,0,0,0,0,0,0,1321,0,1321,0,0,0,0,0,0,0,0,0,0,0,0,0
영산강,제주동해,713989,14671,10420,4251,0,2723,2535,188,0,106045,93668,12377,0,558666,0,558666,0,6722,4975,1639,108,0,0,0,0,0,0,0,0,0,0,0,0,12162,0,12162,0,13000,0,13000,0,0,0,0,0,0,0,0,0
